{"stat.pickup.tfc.plants/guzmania":1,"stat.pickup.tfc.plants/barrel_cactus":1,"stat.walkOneCm":4998,"stat.pickup.tfc.plants/foxglove":1,"stat.pickup.tfc.plants/rose":1,"stat.pickup.tfc.plants/butterfly_milkweed":1,"stat.pickup.tfc.plants/reindeer_lichen":1,"stat.pickup.tfc.plants/sacred_datura":1,"stat.pickup.tfc.plants/calendula":1,"stat.pickup.tfc.plants/allium":1,"stat.pickup.tfc.plants/canna":1,"stat.pickup.tfc.plants/nasturtium":1,"stat.pickup.tfc.plants/lady_fern":1,"stat.pickup.tfc.plants/goldenrod":1,"stat.pickup.tfc.plants/oxeye_daisy":1,"stat.pickup.tfc.plants/ostrich_fern":1,"stat.pickup.tfc.plants/dandelion":1,"stat.flyOneCm":19701,"stat.jump":20,"stat.pickup.tfc.plants/porcini":1,"stat.playOneMinute":53932,"stat.pickup.tfc.plants/poppy":1,"stat.pickup.tfc.plants/grape_hyacinth":1,"stat.pickup.tfc.plants/sapphire_tower":1,"stat.pickup.tfc.plants/blood_lily":1,"stat.sneakTime":6,"stat.pickup.tfc.plants/meads_milkweed":1,"stat.pickup.tfc.plants/labrador_tea":1,"stat.pickup.tfc.plants/perovskia":1,"stat.pickup.tfc.plants/sagebrush":1,"stat.pickup.tfc.plants/morning_glory":1,"stat.pickup.tfc.plants/pulsatilla":1,"stat.pickup.tfc.plants/black_orchid":1,"stat.pickup.patchouli.guide_book":1,"stat.pickup.tfc.plants/primrose":1,"stat.timeSinceDeath":53932,"stat.pickup.tfc.plants/field_horsetail":1,"stat.pickup.tfc.plants/moss":1,"stat.pickup.tfc.plants/houstonia":1,"stat.pickup.tfc.plants/blue_orchid":1,"stat.sprintOneCm":3408,"stat.useItem.minecraft.stone_slab2":87,"stat.pickup.tfc.plants/licorice_fern":1,"stat.pickup.tfc.plants/athyrium_fern":1,"stat.pickup.tfc.plants/rough_horsetail":1}