{"stat.pickup.tfc.plants/calendula":1,"stat.pickup.tfc.plants/ryegrass":2,"stat.pickup.tfc.plants/canna":1,"stat.pickup.tfc.plants/tropical_milkweed":2,"stat.pickup.tfc.plants/tulip_orange":2,"stat.swimOneCm":1145,"stat.pickup.tfc.plants/fountain_grass":2,"stat.useItem.minecraft.stone_slab2":365,"stat.drop.tfc.plants/guzmania":1,"stat.pickup.tfc.plants/nasturtium":1,"stat.pickup.tfc.plants/oxeye_daisy":1,"stat.pickup.tfc.plants/dandelion":1,"stat.pickup.tfc.plants/tall_fescue_grass":2,"stat.pickup.tfc.plants/trillium":2,"stat.flyOneCm":80784,"stat.useItem.tfc.plants/lotus":3,"stat.pickup.tfc.plants/tulip_white":2,"stat.pickup.patchouli.guide_book":1,"stat.pickup.tfc.plants/primrose":1,"stat.timeSinceDeath":80899,"stat.pickup.tfc.plants/field_horsetail":2,"stat.pickup.tfc.plants/blue_orchid":2,"stat.pickup.tfc.plants/duckweed":2,"stat.pickup.tfc.plants/sword_fern":2,"stat.pickup.tfc.plants/sacred_datura":1,"stat.pickup.tfc.plants/spanish_moss":2,"stat.pickup.tfc.plants/vriesea":2,"stat.sprintOneCm":10805,"stat.pickup.tfc.plants/lotus":3,"stat.useItem.tfc.plants/water_lily":2,"stat.pickup.tfc.plants/rough_horsetail":1,"stat.pickup.tfc.plants/water_lily":2,"stat.pickup.tfc.plants/lady_fern":2,"stat.pickup.tfc.plants/ostrich_fern":1,"stat.pickup.tfc.plants/timothy_grass":2,"stat.drop":5,"stat.pickup.tfc.wood/chest/hevea":32,"stat.playOneMinute":80899,"stat.pickup.tfc.plants/sargassum":2,"stat.pickup.tfc.plants/labrador_tea":1,"stat.pickup.tfc.plants/sagebrush":1,"stat.pickup.tfc.plants/morning_glory":1,"stat.pickup.tfc.plants/water_canna":2,"stat.pickup.tfc.plants/licorice_fern":2,"stat.pickup.tfc.plants/barrel_cactus":1,"stat.pickup.tfc.plants/tulip_red":2,"stat.pickup.tfc.plants/pistia":2,"stat.useItem.tfc.raw/rocksalt":55,"stat.pickup.tfc.plants/snapdragon_yellow":2,"stat.pickup.tfc.plants/switchgrass":2,"stat.jump":54,"stat.drop.tfc.plants/lady_fern":1,"stat.pickup.tfc.plants/scutch_grass":2,"stat.pickup.tfc.plants/blood_lily":1,"stat.pickup.tfc.plants/meads_milkweed":1,"stat.pickup.tfc.plants/black_orchid":1,"stat.pickup.tfc.plants/orchard_grass":2,"stat.crouchOneCm":871,"stat.pickup.tfc.plants/athyrium_fern":1,"stat.pickup.tfc.plants/guzmania":2,"stat.useItem.tfc.plants/sargassum":2,"stat.pickup.tfc.plants/rose":1,"stat.pickup.tfc.plants/butterfly_milkweed":1,"stat.useItem.tfc.sand/granite":2,"stat.pickup.tfc.plants/allium":1,"stat.pickup.tfc.plants/tree_fern":2,"stat.sleepInBed":2,"stat.pickup.tfc.plants/moss":1,"stat.drop.tfc.plants/licorice_fern":1,"stat.walkOneCm":52502,"stat.pickup.tfc.plants/foxglove":1,"stat.pickup.tfc.plants/reindeer_lichen":1,"stat.useItem.tfc.dry_grass/dolomite":1,"stat.useItem.tfc.plants/pistia":2,"stat.useItem.tfc.wood/chest/hevea":9,"stat.drop.tfc.wood/chest/hevea":32,"stat.pickup.tfc.plants/porcini":2,"stat.pickup.tfc.plants/pampas_grass":2,"stat.pickup.tfc.plants/yucca":2,"stat.pickup.tfc.plants/houstonia":1,"stat.drop.tfc.grass/dolomite":1,"stat.pickup.tfc.plants/snapdragon_red":2,"stat.pickup.tfc.plants/tulip_pink":2,"stat.useItem.tfc.plants/duckweed":2,"stat.pickup.tfc.plants/strelitzia":2,"stat.pickup.tfc.plants/goldenrod":1,"stat.pickup.tfc.plants/snapdragon_pink":2,"stat.pickup.tfc.plants/toquilla_palm":2,"stat.pickup.tfc.plants/poppy":1,"stat.pickup.tfc.plants/snapdragon_white":2,"stat.pickup.tfc.plants/grape_hyacinth":1,"stat.pickup.tfc.plants/sapphire_tower":1,"stat.sneakTime":248,"stat.pickup.tfc.plants/perovskia":1,"stat.pickup.tfc.plants/pulsatilla":1}